[
    {
        "id": 1,
        "blobUrl": "Url",
        "status": "Completed",
        "count": 3,
        "predictions":"NCS",
        "name": "Non Clause Section",
        "segment": [
          {
            "colorId": 0,
            "labelId": 1,
            "labelName": "Non Clause Section",
            "pageNo": "1",
            "segmentId": 1,
            "prediction_score":"94%",
            "segmentTextURL":"scope project agreement scope project scope project shall mean include construction project highway site set forth schedule specified schedule b together provision project facilities specified schedule c conformity specifications standards set forth schedule b maintenance project highway accordance provisions agreement conformity requirements set forth schedule e c performance fulfilment obligations contractor accordance provisions agreement matters incidental thereto necessary performance obligations contractor agreement",
            "userID": 987,
            "userName": "[0.3686015308, 0.0931227729, 0.713735044, 0.9560410976]"
          },
          {
            "colorId": 0,
            "labelId": 1,
            "labelName": "Non Clause Section",
            "pageNo": "2",
            "segmentId": 2,
            "prediction_score":"58%",
            "segmentTextURL":"Obligations of the Authority 3.1 Obligations of the Authority(i)The Authority shall, at its own cost and expense, undertake, comply with and perform  all  its  obligations  set  out  in  this  Agreement  or  arising hereunder.(ii)The Authority shall be responsible for the correctness of the Scope of the Project,  Project  Facilities,  Specifications  and  Standards  and  the  criteria for testing of the completed Works.(iii)The  Authority  shall,  upon  submission  of  the  Performance  Security  as  per the RFP by the Contractor, shall provide to the Contractor:(a)No less than 90% (ninety per cent) of the required Right of Way of the Construction  Zone  of  total  length  of  the  Project  Highway  within  a period of 30 (thirty) days from the date of this Agreement, which shall be in contiguous stretches of length not less than 5 (five) kilometre. (b)approval  of  the  general  arrangement  drawings  (the  “GAD”)  from railway  authorities  to  enable  the  Contractor  to  construct  road  over-bridges/  under-bridges  at  level  crossings  on  the  Project  Highway  in accordance with the Specifications and Standards, and subject to the terms and conditions specified in such approval, within a period of 60 (sixty)  days  from  the  Appointed  Date,  and  reimbursement  of  all  the ",
            "userID": 987,
            "userName": "[0.1803161204, 0.1100902781, 0.6284427643, 0.9379214048]"
          },
          {
            "colorId": 0,
            "labelId": 1,
            "labelName": "Non Clause Section",
            "pageNo": "8",
            "segmentId": 2,
            "prediction_score":"58%",
            "segmentTextURL":"4.4Contractor’s personnel(i)The  Contractor  shall  ensure  that  the  personnel  engaged  by  it  or  by  its Sub-contractors   in   the   performance   of   itsobligations   under   this Agreement  are  at  all  times  appropriately  and  adequately  qualified, skilled  and  experienced  in  their  respective  functions  in  conformity  with Good  Industry  Practice.  The  Contractor  will  try  to  hire  at  least  10%  (ten percent)   trained   workmen   as   per   the   National   Skills   Qualifications Framework. If necessary, the requisite work men may be got trained by the Contractor at his cost through authorized training centres of the Directorate TCSNCSTCS",
            "userID": 987,
            "userName": "[0.1803161204, 0.1100902781, 0.6284427643, 0.9379214048]"
          }
        ]
      },
      {
        "id": 2,
        "blobUrl": "Url",
        "status": "Completed",
        "count": 2,
        "predictions":"PER",
        "name": "Permission RoW",
        "segment": [
          {
            "colorId": 0,
            "labelId": 2,
            "labelName": "Permission RoW",
            "pageNo": "3",
            "segmentId": 1,
            "prediction_score":"79%",
            "segmentTextURL":"Clause  8.3  for  delay  in  providing  Right  of  Way  for  a  length  of  2  (two) kilometre for each such road over-bridge/ under-bridge.(v)Notwithstanding  anything  to the  contrary  contained  in  this  Agreement, the  Parties  expressly  agree  that  the  aggregate  Damages  payable  under Clauses  3.1  (iv),  8.3  and  9.5  shall  not  exceed  1%  (one  per  cent)  of  the Contract Price. For the avoidance of doubt, the Damages payable by the Authority  under  the  aforesaid  Clauses  shall  not  be  additive  if  they  arise concurrently from more than one cause but relate to the same part of the Project Highway.Both  the  parties  agree  that  payment  of  such  Damages  shall  be  full  and final  settlement  of  all claims  of  the  Contractor  and  such  compensation shall be the sole remedy against delays of the Authority and both parties further agree that the payment of Damages shall be the final cure for the Contractor against delays of the Authority, without recourse to any other payments.(vi)The Authority agrees to provide support to the Contractor and undertakes to observe, comply with and perform, subject to and in accordance with the provisions of this Agreement and the Applicable Laws, the following:(a)upon  written  request   from  the  Contractor,  and  subject  to  the Contractor   complying   with   Applicable   Laws,   provide   reasonable support  to  the  Contractor  in  procuring  Applicable  Permits  required from  any  Government  Instrumentality  for  implementation  of  the Project;(b)upon   written   request   from   the   Contractor,   provide   reasonable assistance  to  the  Contractor  in  obtaining  access  to  all  necessary infrastructure facilities and utilities, including water and electricity at rates  and  on  terms  no  less  favourable  than  those  generally  available to commercial customers receiving substantially equivalent services;(c)procure that no barriers that would have a material adverse effect on the works  are erected or  placed on or  about the Project Highway by any Government Instrumentality or personsclaiming through or under it, except for reasons of Emergency, national security, law and order or collection of inter-state taxes;(d)not do or omit to do any act, deed or thing which may in any manner violate any provisions of this Agreement;(e)support, cooperate   with   and   facilitate   the   Contractor   in   the implementation  of  the  Project  in  accordance  with  the  provisions  of this Agreement; and(f)upon   written   request   from   the   Contractor   and   subject   to   the provisions   of   Clause   4.3,   provide   reasonable   assistance   to   the Contractor and any expatriate personnel of the Contractor or its Sub-contractors  to  obtain  the  applicable  visas  and  the  requisite  work permits  for  the  purposes  of  discharge  by  the  Contractor  or  its  Sub-PER",
            "userID": 987,
            "userName": "[0.564391315, 0.0818726271, 0.9173442125, 0.9639523625]"
          },
          {
            "colorId": 0,
            "labelId": 2,
            "labelName": "Permission RoW",
            "pageNo": "4",
            "segmentId": 2,
            "prediction_score":"37%",
            "segmentTextURL":" 3.3Environmental ClearancesThe Authority represents and warrants that the environmental clearances requiredforconstructionoftheProjectshallbeprocuredbytheAuthorityprior to the date of issue of LOA. For the avoidance of doubt, the present status of environmental clearances is specified inSchedule-A.4The bridge is proposed across the Sharavathi backwater which falls in the vicinity  of  Sharavathi  Wildlife  Sanctuary.  Approval  of  Wildlife  Clearance has been received vide MoEF letter dated: 31-01-2019",
            "userID": 987,
            "userName": "[0.0813730955, 0.0700111762, 0.9250767231, 0.9598039389] "
          }
        ]
      },
      {
        "id": 3,
        "blobUrl": "Url",
        "status": "Completed",
        "count": 1,
        "predictions":"TCS",
        "name": "Termination Clauses",
        "segment": [
          {
            "colorId": 0,
            "labelId": 2,
            "labelName": "Termination Clauses",
            "pageNo": "4",
            "segmentId": 1,
            "prediction_score":"66%",
            "segmentTextURL":"contractors   of   their   obligations   under   this   Agreement   and   the agreements with the Sub-contractors",
            "userID": 987,
            "userName": "[0.564391315, 0.0818726271, 0.9173442125, 0.9639523625]"
          }
        ]
      }
]