{
  "pdfFiles": [
    {
      "companyId": 1,
      "companyname": "L&T",
      "departmentname": "Business unit",
      "subdepartname": "Startegic business unit",
      "userlist": "Axle jack",
      "projectmapped": "Risk clauses & payment terms",
      "inputopt": "client",
      "outputopt": "Business Unit",
},
{
  "companyId": 1,
  "companyname": "L&TNXT",
  "departmentname": "Business unit",
  "subdepartname": "Startegic business unit",
  "userlist": "Axle jack",
  "projectmapped": "Risk clauses & payment terms",
  "inputopt": "client",
  "outputopt": "Business Unit",
},    {
  "companyId": 1,
  "companyname": "LTI",
  "departmentname": "Business unit",
  "subdepartname": "Startegic business unit",
  "userlist": "Axle jack",
  "projectmapped": "Risk clauses & payment terms",
  "inputopt": "client",
  "outputopt": "Business Unit",
},
{
"companyId": 1,
"companyname": "LTINF",
"departmentname": "Business unit",
"subdepartname": "Startegic business unit",
"userlist": "Axle jack",
"projectmapped": "Risk clauses & payment terms",
"inputopt": "client",
"outputopt": "Business Unit",
}
    
  ]
}
