[
  {​​​​​​
    "organizationHierarchyId": 1,
    "organizationHierarchyName": "LTI",
    "parentId": 0,
    "parentName": "",
    "orgHierarchyLevel": 1,
    "createdBy": 0,
    "createdOn": "0001-01-01T00:00:00",
    "modifiedBy": 1,
    "modifiedOn": "0001-01-01T00:00:00",
    "isActive": true,
    "responseMessage": null
  }​​​​​​,
  {​​​​​​
    "organizationHierarchyId": 5,
    "organizationHierarchyName": "LTI next",
    "parentId": 0,
    "parentName": "",
    "orgHierarchyLevel": 1,
    "createdBy": 0,
    "createdOn": "0001-01-01T00:00:00",
    "modifiedBy": 1,
    "modifiedOn": "0001-01-01T00:00:00",
    "isActive": true,
    "responseMessage": null
  }​​​​​​,
  {​​​​​​
    "organizationHierarchyId": 6,
    "organizationHierarchyName": "krishna",
    "parentId": 0,
    "parentName": "",
    "orgHierarchyLevel": 1,
    "createdBy": 0,
    "createdOn": "0001-01-01T00:00:00",
    "modifiedBy": 1,
    "modifiedOn": "0001-01-01T00:00:00",
    "isActive": true,
    "responseMessage": null
  }​​​​​​,
  {​​​​​​
    "organizationHierarchyId": 7,
    "organizationHierarchyName": "krishna12",
    "parentId": 6,
    "parentName": "",
    "orgHierarchyLevel": 2,
    "createdBy": 0,
    "createdOn": "0001-01-01T00:00:00",
    "modifiedBy": 1,
    "modifiedOn": "0001-01-01T00:00:00",
    "isActive": true,
    "responseMessage": null
  }​​​​​​,
  {​​​​​​
    "organizationHierarchyId": 8,
    "organizationHierarchyName": "dasari12",
    "parentId": 7,
    "parentName": "",
    "orgHierarchyLevel": 3,
    "createdBy": 0,
    "createdOn": "0001-01-01T00:00:00",
    "modifiedBy": 1,
    "modifiedOn": "0001-01-01T00:00:00",
    "isActive": true,
    "responseMessage": null
  }​​​​​​,
  {​​​​​​
    "organizationHierarchyId": 2,
    "organizationHierarchyName": "BusinessUnit",
    "parentId": 1,
    "parentName": "",
    "orgHierarchyLevel": 2,
    "createdBy": 1,
    "createdOn": "2020-12-18T00:00:00",
    "modifiedBy": 1,
    "modifiedOn": "0001-01-01T00:00:00",
    "isActive": true,
    "responseMessage": null
  }​​​​​​,
  {​​​​​​
    "organizationHierarchyId": 3,
    "organizationHierarchyName": "Startegic BusinessUnit",
    "parentId": 2,
    "parentName": "",
    "orgHierarchyLevel": 3,
    "createdBy": 1,
    "createdOn": "2020-12-18T00:00:00",
    "modifiedBy": 1,
    "modifiedOn": "0001-01-01T00:00:00",
    "isActive": true,
    "responseMessage": null
  }​​​​​​,
  {​​​​​​
    "organizationHierarchyId": 4,
    "organizationHierarchyName": "Project",
    "parentId": 3,
    "parentName": "",
    "orgHierarchyLevel": 4,
    "createdBy": 1,
    "createdOn": "2020-12-18T00:00:00",
    "modifiedBy": 1,
    "modifiedOn": "0001-01-01T00:00:00",
    "isActive": true,
    "responseMessage": null
  }​​​​​​
]