{
  "TrainingSegments": [
    {
      "labelId": 1,
      "labelname": "Payment terms",
      "count": 2,
      "completed": false,
      "Segments": [
        {
          "PageNo": "1",
           "completed": false,
          "segments": [
            {
              "SegmentId": 1,
              "segmentTextURL": "http://a1",
              "ColorId": 1,
              "IsFlagConfirmed": "Y",
              "UserID": 222,
              "UserName": "abc"
            },
            {
              "SegmentId": 2,
              "segmentTextURL": "http://b1",
              "ColorId": 1,
              "IsFlagConfirmed": "Y",
              "UserID": 222,
              "UserName": "abc"
            }
          ]
        },
        {
          "PageNo": "2",
           "completed": false,
          "segments": [
            {
              "SegmentId": 1,
              "segmentTextURL": "http://a1",
              "ColorId": 1,
              "IsFlagConfirmed": "Y",
              "UserID": 222,
              "UserName": "abc"
            },
            {
              "SegmentId": 2,
              "segmentTextURL": "http://b1",
              "ColorId": 1,
              "IsFlagConfirmed": "Y",
              "UserID": 222,
              "UserName": "abc"
            }
          ]
        }
      ]
    },
    {
      "labelId": 2,
      "labelname": "Price variation",
      "count": 1,
      "completed": false,
      "Segments": [
        {
          "PageNo": "1",
           "completed": false,
          "segments": [
            {
              "SegmentId": 1,
              "segmentTextURL": "http://a1",
              "ColorId": 1,
              "IsFlagConfirmed": "Y",
              "UserID": 222,
              "UserName": "abc"
            },
            {
              "SegmentId": 2,
              "segmentTextURL": "http://b1",
              "ColorId": 1,
              "IsFlagConfirmed": "Y",
              "UserID": 222,
              "UserName": "abc"
            }
          ]
        }
      ]
    },
    {
      "labelId": 3,
      "labelname": "Termination/Rows",
      "count": 2,
      "completed": false,
      "Segments": [
        {
          "PageNo": "1",
           "completed": false,
          "segments": [
            {
              "SegmentId": 1,
              "segmentTextURL": "http://a1",
              "ColorId": 1,
              "IsFlagConfirmed": "Y",
              "UserID": 222,
              "UserName": "abc"
            },
            {
              "SegmentId": 2,
              "segmentTextURL": "http://b1",
              "ColorId": 1,
              "IsFlagConfirmed": "Y",
              "UserID": 222,
              "UserName": "abc"
            }
          ]
        },
        {
          "PageNo": "2",
           "completed": false,
          "segments": [
            {
              "SegmentId": 1,
              "segmentTextURL": "http://a1",
              "ColorId": 1,
              "IsFlagConfirmed": "Y",
              "UserID": 222,
              "UserName": "abc"
            },
            {
              "SegmentId": 2,
              "segmentTextURL": "http://b1",
              "ColorId": 1,
              "IsFlagConfirmed": "Y",
              "UserID": 222,
              "UserName": "abc"
            }
          ]
        }
      ]
    }
  ]
}
