{"status":"Success","message":"Success","data":[{"hierarchyId":156,"name":"BsChecklistGen","tagId":79,"tagName":"Checklist","parentId":155,"createdBy":0,"updatedBy":10,"builderTypeId":8,"builderTypeName":"Child","levelId":0,"state":null},
    {"hierarchyId":23,"name":"TestChecklist7-Parent2","tagId":0,"tagName":"","parentId":22,"createdBy":10,"updatedBy":10,"builderTypeId":5,"builderTypeName":"Others","levelId":0,"state":null},{"hierarchyId":222,"name":"vevev","tagId":1,"tagName":"Checklist","parentId":74,"createdBy":10,"updatedBy":null,"builderTypeId":7,"builderTypeName":"Checklist","levelId":0,"state":null},{"hierarchyId":93,"name":"Mandil-2","tagId":57,"tagName":"Mandil-2","parentId":92,"createdBy":10,"updatedBy":null,"builderTypeId":8,"builderTypeName":"Child","levelId":0,"state":null},{"hierarchyId":66,"name":"General","tagId":0,"tagName":"","parentId":65,"createdBy":10,"updatedBy":10,"builderTypeId":8,"builderTypeName":"Child","levelId":0,"state":null},{"hierarchyId":74,"name":"vevev","tagId":1,"tagName":"Checklist","parentId":null,"createdBy":10,"updatedBy":10,"builderTypeId":7,"builderTypeName":"Checklist","levelId":0,"state":null},{"hierarchyId":2,"name":"Work Permit","tagId":0,"tagName":"","parentId":1,"createdBy":1,"updatedBy":10,"builderTypeId":5,"builderTypeName":"Others","levelId":0,"state":null},{"hierarchyId":30,"name":"TestChecklist9","tagId":3,"tagName":"TestTag1","parentId":29,"createdBy":10,"updatedBy":10,"builderTypeId":7,"builderTypeName":"Checklist","levelId":0,"state":null},{"hierarchyId":38,"name":"Test Work Permit","tagId":0,"tagName":"","parentId":37,"createdBy":10,"updatedBy":10,"builderTypeId":5,"builderTypeName":"Others","levelId":0,"state":null},{"hierarchyId":43,"name":"Holiday Work Permit","tagId":0,"tagName":"","parentId":39,"createdBy":10,"updatedBy":10,"builderTypeId":8,"builderTypeName":"Child","levelId":0,"state":null},{"hierarchyId":44,"name":"Safety Precautions For Clearance","tagId":0,"tagName":"","parentId":39,"createdBy":10,"updatedBy":10,"builderTypeId":8,"builderTypeName":"Child","levelId":0,"state":null},{"hierarchyId":46,"name":"New Earth Moving Equipment Checklist","tagId":0,"tagName":"","parentId":39,"createdBy":10,"updatedBy":10,"builderTypeId":8,"builderTypeName":"Child","levelId":0,"state":null},{"hierarchyId":48,"name":"New Holiday Work Permit","tagId":0,"tagName":"","parentId":39,"createdBy":10,"updatedBy":10,"builderTypeId":8,"builderTypeName":"Child","levelId":0,"state":null},{"hierarchyId":75,"name":"fefef","tagId":38,"tagName":"fefef","parentId":null,"createdBy":10,"updatedBy":null,"builderTypeId":7,"builderTypeName":"Checklist","levelId":0,"state":null},{"hierarchyId":76,"name":"fefefef","tagId":39,"tagName":"fefefef","parentId":null,"createdBy":10,"updatedBy":null,"builderTypeId":7,"builderTypeName":"Checklist","levelId":0,"state":null},{"hierarchyId":77,"name":"khhhk","tagId":40,"tagName":"khhhk","parentId":null,"createdBy":10,"updatedBy":null,"builderTypeId":7,"builderTypeName":"Checklist","levelId":0,"state":null},{"hierarchyId":78,"name":"joo","tagId":41,"tagName":"joo","parentId":null,"createdBy":10,"updatedBy":null,"builderTypeId":7,"builderTypeName":"Checklist","levelId":0,"state":null},{"hierarchyId":79,"name":"brbrbr","tagId":42,"tagName":"brbrbr","parentId":null,"createdBy":10,"updatedBy":null,"builderTypeId":7,"builderTypeName":"Checklist","levelId":0,"state":null},{"hierarchyId":80,"name":"rrr","tagId":43,"tagName":"rrr","parentId":null,"createdBy":10,"updatedBy":null,"builderTypeId":7,"builderTypeName":"Checklist","levelId":0,"state":null},{"hierarchyId":82,"name":"Helloo","tagId":45,"tagName":"Helloo","parentId":null,"createdBy":10,"updatedBy":null,"builderTypeId":7,"builderTypeName":"Checklist","levelId":0,"state":null},{"hierarchyId":84,"name":"BillBoard","tagId":47,"tagName":"BillBoard","parentId":null,"createdBy":10,"updatedBy":null,"builderTypeId":7,"builderTypeName":"Checklist","levelId":0,"state":null},{"hierarchyId":85,"name":"BillBoard-3","tagId":48,"tagName":"BillBoard-3","parentId":null,"createdBy":10,"updatedBy":null,"builderTypeId":7,"builderTypeName":"Checklist","levelId":0,"state":null},{"hierarchyId":86,"name":"TESTTEAM","tagId":49,"tagName":"TESTTEAM","parentId":null,"createdBy":10,"updatedBy":null,"builderTypeId":7,"builderTypeName":"Checklist","levelId":0,"state":null},{"hierarchyId":87,"name":"TESTTEAM1","tagId":51,"tagName":"TESTTEAM","parentId":null,"createdBy":10,"updatedBy":null,"builderTypeId":7,"builderTypeName":"Checklist","levelId":0,"state":null},{"hierarchyId":89,"name":"Test22","tagId":53,"tagName":"Test2","parentId":88,"createdBy":10,"updatedBy":null,"builderTypeId":8,"builderTypeName":"Child","levelId":0,"state":null},{"hierarchyId":90,"name":"Test12","tagId":54,"tagName":"Test1","parentId":88,"createdBy":10,"updatedBy":null,"builderTypeId":8,"builderTypeName":"Child","levelId":0,"state":null},{"hierarchyId":91,"name":"Test32","tagId":55,"tagName":"Test3","parentId":88,"createdBy":10,"updatedBy":null,"builderTypeId":8,"builderTypeName":"Child","levelId":0,"state":null},{"hierarchyId":57,"name":"brrbr","tagId":1,"tagName":"Checklist","parentId":null,"createdBy":10,"updatedBy":10,"builderTypeId":7,"builderTypeName":"Checklist","levelId":0,"state":null},{"hierarchyId":1,"name":"Permit","tagId":1,"tagName":"Checklist","parentId":null,"createdBy":1,"updatedBy":10,"builderTypeId":5,"builderTypeName":"Others","levelId":0,"state":null},{"hierarchyId":5,"name":"Safety Precaution For Clearance","tagId":0,"tagName":"","parentId":3,"createdBy":1,"updatedBy":10,"builderTypeId":8,"builderTypeName":"Child","levelId":0,"state":null},{"hierarchyId":4,"name":"General","tagId":0,"tagName":"","parentId":3,"createdBy":1,"updatedBy":10,"builderTypeId":8,"builderTypeName":"Child","levelId":0,"state":null},{"hierarchyId":29,"name":"TestChecklist9-Parent2","tagId":0,"tagName":"","parentId":28,"createdBy":10,"updatedBy":10,"builderTypeId":5,"builderTypeName":"Others","levelId":0,"state":null},{"hierarchyId":8,"name":"General-01","tagId":0,"tagName":"","parentId":7,"createdBy":1,"updatedBy":10,"builderTypeId":8,"builderTypeName":"Child","levelId":0,"state":null},{"hierarchyId":40,"name":"PPE Inspection","tagId":0,"tagName":"","parentId":39,"createdBy":10,"updatedBy":10,"builderTypeId":8,"builderTypeName":"Child","levelId":0,"state":null},{"hierarchyId":21,"name":"TestChecklist6","tagId":1,"tagName":"Checklist","parentId":20,"createdBy":10,"updatedBy":10,"builderTypeId":7,"builderTypeName":"Checklist","levelId":0,"state":null},{"hierarchyId":65,"name":"Safe Execution Card","tagId":1,"tagName":"Checklist","parentId":2,"createdBy":10,"updatedBy":10,"builderTypeId":7,"builderTypeName":"Checklist","levelId":0,"state":null},{"hierarchyId":12,"name":"TestChecklist2","tagId":1,"tagName":"Checklist","parentId":null,"createdBy":10,"updatedBy":10,"builderTypeId":7,"builderTypeName":"Checklist","levelId":0,"state":null},{"hierarchyId":13,"name":"TestChecklist3","tagId":1,"tagName":"Checklist","parentId":null,"createdBy":10,"updatedBy":10,"builderTypeId":7,"builderTypeName":"Checklist","levelId":0,"state":null},{"hierarchyId":15,"name":"TestChecklist4-Child1","tagId":0,"tagName":"","parentId":14,"createdBy":10,"updatedBy":10,"builderTypeId":8,"builderTypeName":"Child","levelId":0,"state":null},{"hierarchyId":28,"name":"TestChecklist9-Parent1","tagId":0,"tagName":"","parentId":null,"createdBy":10,"updatedBy":10,"builderTypeId":5,"builderTypeName":"Others","levelId":0,"state":null},{"hierarchyId":49,"name":"New Safety Precautions For Clearance","tagId":0,"tagName":"","parentId":39,"createdBy":10,"updatedBy":10,"builderTypeId":8,"builderTypeName":"Child","levelId":0,"state":null},{"hierarchyId":16,"name":"TestChecklist5-Parent1","tagId":0,"tagName":"","parentId":null,"createdBy":10,"updatedBy":10,"builderTypeId":5,"builderTypeName":"Others","levelId":0,"state":null},{"hierarchyId":18,"name":"TestChecklist5","tagId":1,"tagName":"Checklist","parentId":17,"createdBy":10,"updatedBy":10,"builderTypeId":7,"builderTypeName":"Checklist","levelId":0,"state":null},{"hierarchyId":39,"name":"WP-05","tagId":1,"tagName":"Checklist","parentId":38,"createdBy":10,"updatedBy":10,"builderTypeId":7,"builderTypeName":"Checklist","levelId":0,"state":null},{"hierarchyId":32,"name":"TestChecklist10-Parent2","tagId":0,"tagName":"","parentId":31,"createdBy":10,"updatedBy":10,"builderTypeId":5,"builderTypeName":"Others","levelId":0,"state":null},{"hierarchyId":20,"name":"TestChecklist6-Parent2","tagId":0,"tagName":"","parentId":19,"createdBy":10,"updatedBy":10,"builderTypeId":5,"builderTypeName":"Others","levelId":0,"state":null},{"hierarchyId":56,"name":"grgrgr","tagId":1,"tagName":"Checklist","parentId":null,"createdBy":10,"updatedBy":10,"builderTypeId":7,"builderTypeName":"Checklist","levelId":0,"state":null},{"hierarchyId":55,"name":"Hellooo","tagId":11,"tagName":"Hellooo","parentId":null,"createdBy":10,"updatedBy":10,"builderTypeId":5,"builderTypeName":"Others","levelId":0,"state":null},{"hierarchyId":54,"name":"Parent-1","tagId":9,"tagName":"Parent-1","parentId":null,"createdBy":10,"updatedBy":10,"builderTypeId":5,"builderTypeName":"Others","levelId":0,"state":null},{"hierarchyId":50,"name":"TestChecklist1111","tagId":1,"tagName":"Checklist","parentId":null,"createdBy":10,"updatedBy":10,"builderTypeId":7,"builderTypeName":"Checklist","levelId":0,"state":null},{"hierarchyId":53,"name":"TestChecklist1012-Child1","tagId":0,"tagName":"","parentId":52,"createdBy":10,"updatedBy":10,"builderTypeId":8,"builderTypeName":"Child","levelId":0,"state":null},{"hierarchyId":52,"name":"TestChecklist1012","tagId":1,"tagName":"Checklist","parentId":51,"createdBy":10,"updatedBy":10,"builderTypeId":7,"builderTypeName":"Checklist","levelId":0,"state":null},{"hierarchyId":51,"name":"TestChecklist1012-Parent","tagId":0,"tagName":"","parentId":null,"createdBy":10,"updatedBy":10,"builderTypeId":5,"builderTypeName":"Others","levelId":0,"state":null},{"hierarchyId":47,"name":"New Night Work Permit","tagId":0,"tagName":"","parentId":39,"createdBy":10,"updatedBy":10,"builderTypeId":8,"builderTypeName":"Child","levelId":0,"state":null},{"hierarchyId":45,"name":"New PPE Inspection","tagId":0,"tagName":"","parentId":39,"createdBy":10,"updatedBy":10,"builderTypeId":8,"builderTypeName":"Child","levelId":0,"state":null},{"hierarchyId":22,"name":"TestChecklist7-Parent1","tagId":0,"tagName":"","parentId":null,"createdBy":10,"updatedBy":10,"builderTypeId":5,"builderTypeName":"Others","levelId":0,"state":null},{"hierarchyId":24,"name":"TestChecklist7","tagId":1,"tagName":"Checklist","parentId":23,"createdBy":10,"updatedBy":10,"builderTypeId":7,"builderTypeName":"Checklist","levelId":0,"state":null},{"hierarchyId":17,"name":"TestChecklist5-Parent2","tagId":0,"tagName":"","parentId":16,"createdBy":10,"updatedBy":10,"builderTypeId":5,"builderTypeName":"Others","levelId":0,"state":null},{"hierarchyId":31,"name":"TestChecklist10-Parent1","tagId":0,"tagName":"","parentId":null,"createdBy":10,"updatedBy":10,"builderTypeId":5,"builderTypeName":"Others","levelId":0,"state":null},{"hierarchyId":26,"name":"TestChecklist8-Parent2","tagId":0,"tagName":"","parentId":25,"createdBy":10,"updatedBy":10,"builderTypeId":5,"builderTypeName":"Others","levelId":0,"state":null},{"hierarchyId":83,"name":"Permit-Airport","tagId":1,"tagName":"Checklist","parentId":null,"createdBy":10,"updatedBy":10,"builderTypeId":7,"builderTypeName":"Checklist","levelId":0,"state":null},{"hierarchyId":25,"name":"TestChecklist8-Parent1","tagId":0,"tagName":"","parentId":null,"createdBy":10,"updatedBy":10,"builderTypeId":5,"builderTypeName":"Others","levelId":0,"state":null},{"hierarchyId":19,"name":"TestChecklist6-Parent1","tagId":0,"tagName":"","parentId":null,"createdBy":10,"updatedBy":10,"builderTypeId":5,"builderTypeName":"Others","levelId":0,"state":null},{"hierarchyId":37,"name":"Test Permit","tagId":0,"tagName":"","parentId":null,"createdBy":10,"updatedBy":10,"builderTypeId":5,"builderTypeName":"Others","levelId":0,"state":null},{"hierarchyId":27,"name":"TestChecklist8","tagId":1,"tagName":"Checklist","parentId":26,"createdBy":10,"updatedBy":10,"builderTypeId":7,"builderTypeName":"Checklist","levelId":0,"state":null},{"hierarchyId":92,"name":"Mandill","tagId":1,"tagName":"Checklist","parentId":null,"createdBy":10,"updatedBy":10,"builderTypeId":7,"builderTypeName":"Checklist","levelId":0,"state":null},{"hierarchyId":68,"name":"Precautionary measures","tagId":0,"tagName":"","parentId":65,"createdBy":10,"updatedBy":10,"builderTypeId":8,"builderTypeName":"Child","levelId":0,"state":null},{"hierarchyId":3,"name":"Work Permit Name1","tagId":1,"tagName":"Checklist","parentId":2,"createdBy":1,"updatedBy":10,"builderTypeId":7,"builderTypeName":"Checklist","levelId":0,"state":null},{"hierarchyId":11,"name":"Corrective Action","tagId":1,"tagName":"Checklist","parentId":null,"createdBy":10,"updatedBy":10,"builderTypeId":7,"builderTypeName":"Checklist","levelId":0,"state":null},{"hierarchyId":58,"name":"nknkn","tagId":1,"tagName":"Checklist","parentId":null,"createdBy":10,"updatedBy":10,"builderTypeId":7,"builderTypeName":"Checklist","levelId":0,"state":null},{"hierarchyId":59,"name":"jfljlfe","tagId":1,"tagName":"Checklist","parentId":null,"createdBy":10,"updatedBy":10,"builderTypeId":7,"builderTypeName":"Checklist","levelId":0,"state":null},{"hierarchyId":60,"name":"rvrv","tagId":1,"tagName":"Checklist","parentId":null,"createdBy":10,"updatedBy":10,"builderTypeId":7,"builderTypeName":"Checklist","levelId":0,"state":null},{"hierarchyId":14,"name":"TestChecklist4","tagId":1,"tagName":"Checklist","parentId":null,"createdBy":10,"updatedBy":10,"builderTypeId":7,"builderTypeName":"Checklist","levelId":0,"state":null},{"hierarchyId":9,"name":"PPE Spec -01","tagId":0,"tagName":"","parentId":7,"createdBy":1,"updatedBy":10,"builderTypeId":8,"builderTypeName":"Child","levelId":0,"state":null},{"hierarchyId":216,"name":"Child -2","tagId":130,"tagName":"Testing Sri 12Oct","parentId":215,"createdBy":0,"updatedBy":null,"builderTypeId":8,"builderTypeName":"Child","levelId":0,"state":null},{"hierarchyId":217,"name":"Child -1","tagId":131,"tagName":"Testing Sri 12Oct","parentId":215,"createdBy":0,"updatedBy":null,"builderTypeId":8,"builderTypeName":"Child","levelId":0,"state":null},{"hierarchyId":215,"name":"Testing Sri","tagId":1,"tagName":"Checklist","parentId":214,"createdBy":0,"updatedBy":10,"builderTypeId":7,"builderTypeName":"Checklist","levelId":0,"state":null},{"hierarchyId":7,"name":"WP-01","tagId":1,"tagName":"Checklist","parentId":2,"createdBy":1,"updatedBy":10,"builderTypeId":7,"builderTypeName":"Checklist","levelId":0,"state":null},{"hierarchyId":6,"name":"PPE Spec Checklist","tagId":0,"tagName":"","parentId":3,"createdBy":1,"updatedBy":10,"builderTypeId":8,"builderTypeName":"Child","levelId":0,"state":null},{"hierarchyId":61,"name":"jlljl","tagId":1,"tagName":"Checklist","parentId":null,"createdBy":10,"updatedBy":10,"builderTypeId":7,"builderTypeName":"Checklist","levelId":0,"state":null},{"hierarchyId":62,"name":"brbr","tagId":1,"tagName":"Checklist","parentId":null,"createdBy":10,"updatedBy":10,"builderTypeId":7,"builderTypeName":"Checklist","levelId":0,"state":null},{"hierarchyId":63,"name":"bbrb","tagId":1,"tagName":"Checklist","parentId":null,"createdBy":10,"updatedBy":10,"builderTypeId":7,"builderTypeName":"Checklist","levelId":0,"state":null},{"hierarchyId":64,"name":"cscs","tagId":1,"tagName":"Checklist","parentId":null,"createdBy":10,"updatedBy":10,"builderTypeId":7,"builderTypeName":"Checklist","levelId":0,"state":null},{"hierarchyId":69,"name":"fefegege","tagId":1,"tagName":"Checklist","parentId":null,"createdBy":10,"updatedBy":10,"builderTypeId":7,"builderTypeName":"Checklist","levelId":0,"state":null},{"hierarchyId":70,"name":"bfbb","tagId":1,"tagName":"Checklist","parentId":null,"createdBy":10,"updatedBy":10,"builderTypeId":7,"builderTypeName":"Checklist","levelId":0,"state":null},{"hierarchyId":71,"name":"vevevev","tagId":1,"tagName":"Checklist","parentId":null,"createdBy":10,"updatedBy":10,"builderTypeId":7,"builderTypeName":"Checklist","levelId":0,"state":null},{"hierarchyId":72,"name":"fefefefef","tagId":1,"tagName":"Checklist","parentId":null,"createdBy":10,"updatedBy":10,"builderTypeId":7,"builderTypeName":"Checklist","levelId":0,"state":null},{"hierarchyId":73,"name":"fefe","tagId":1,"tagName":"Checklist","parentId":null,"createdBy":10,"updatedBy":10,"builderTypeId":7,"builderTypeName":"Checklist","levelId":0,"state":null},{"hierarchyId":94,"name":"Mandil-1","tagId":58,"tagName":"Mandil-1","parentId":92,"createdBy":10,"updatedBy":null,"builderTypeId":8,"builderTypeName":"Child","levelId":0,"state":null},{"hierarchyId":95,"name":"fefe","tagId":59,"tagName":"fefe","parentId":null,"createdBy":10,"updatedBy":null,"builderTypeId":7,"builderTypeName":"Checklist","levelId":0,"state":null},{"hierarchyId":96,"name":"Child -1","tagId":60,"tagName":"Child -1","parentId":95,"createdBy":10,"updatedBy":null,"builderTypeId":8,"builderTypeName":"Child","levelId":0,"state":null},{"hierarchyId":98,"name":"Template2","tagId":62,"tagName":"Template2","parentId":97,"createdBy":10,"updatedBy":null,"builderTypeId":8,"builderTypeName":"Child","levelId":0,"state":null},{"hierarchyId":99,"name":"Template1","tagId":63,"tagName":"Template1","parentId":97,"createdBy":10,"updatedBy":null,"builderTypeId":8,"builderTypeName":"Child","levelId":0,"state":null},{"hierarchyId":152,"name":"Test6","tagId":1,"tagName":"Checklist","parentId":null,"createdBy":0,"updatedBy":10,"builderTypeId":7,"builderTypeName":"Checklist","levelId":0,"state":null},{"hierarchyId":102,"name":"TestChecklist10-Child33","tagId":0,"tagName":"","parentId":33,"createdBy":10,"updatedBy":10,"builderTypeId":8,"builderTypeName":"Child","levelId":0,"state":null},{"hierarchyId":104,"name":"TestChecklist10-Child5","tagId":0,"tagName":"","parentId":33,"createdBy":10,"updatedBy":null,"builderTypeId":8,"builderTypeName":"Child","levelId":0,"state":null},{"hierarchyId":106,"name":"fiefoe","tagId":64,"tagName":"fiefoe","parentId":null,"createdBy":10,"updatedBy":null,"builderTypeId":7,"builderTypeName":"Checklist","levelId":0,"state":null},{"hierarchyId":107,"name":"Work Permits","tagId":67,"tagName":"Work Permits","parentId":null,"createdBy":10,"updatedBy":null,"builderTypeId":5,"builderTypeName":"Others","levelId":0,"state":null},{"hierarchyId":108,"name":"Permit","tagId":68,"tagName":"Permit","parentId":107,"createdBy":10,"updatedBy":null,"builderTypeId":5,"builderTypeName":"Others","levelId":0,"state":null},{"hierarchyId":109,"name":"Excavation Permit","tagId":69,"tagName":"Excavation Permit","parentId":108,"createdBy":10,"updatedBy":null,"builderTypeId":7,"builderTypeName":"Checklist","levelId":0,"state":null},{"hierarchyId":110,"name":"Risk Considerations","tagId":70,"tagName":"Risk Considerations","parentId":109,"createdBy":10,"updatedBy":null,"builderTypeId":8,"builderTypeName":"Child","levelId":0,"state":null},{"hierarchyId":111,"name":"General","tagId":71,"tagName":"General","parentId":109,"createdBy":10,"updatedBy":null,"builderTypeId":8,"builderTypeName":"Child","levelId":0,"state":null},{"hierarchyId":113,"name":"Mandil-3","tagId":0,"tagName":"","parentId":92,"createdBy":10,"updatedBy":null,"builderTypeId":8,"builderTypeName":"Child","levelId":0,"state":null},{"hierarchyId":115,"name":"Mandil-4","tagId":0,"tagName":"","parentId":92,"createdBy":10,"updatedBy":null,"builderTypeId":8,"builderTypeName":"Child","levelId":0,"state":null},{"hierarchyId":116,"name":"Mandil-5","tagId":0,"tagName":"","parentId":92,"createdBy":10,"updatedBy":null,"builderTypeId":8,"builderTypeName":"Child","levelId":0,"state":null},{"hierarchyId":117,"name":"rrr","tagId":43,"tagName":"rrr","parentId":0,"createdBy":10,"updatedBy":null,"builderTypeId":7,"builderTypeName":"Checklist","levelId":0,"state":null},{"hierarchyId":119,"name":"brbrbr","tagId":42,"tagName":"brbrbr","parentId":0,"createdBy":10,"updatedBy":null,"builderTypeId":7,"builderTypeName":"Checklist","levelId":0,"state":null},{"hierarchyId":120,"name":"JOOOD","tagId":0,"tagName":"","parentId":0,"createdBy":10,"updatedBy":null,"builderTypeId":8,"builderTypeName":"Child","levelId":0,"state":null},{"hierarchyId":123,"name":"ccwc","tagId":36,"tagName":"ccwc","parentId":0,"createdBy":10,"updatedBy":null,"builderTypeId":7,"builderTypeName":"Checklist","levelId":0,"state":null},{"hierarchyId":125,"name":"Mandill","tagId":1,"tagName":"Checklist","parentId":0,"createdBy":10,"updatedBy":null,"builderTypeId":7,"builderTypeName":"Checklist","levelId":0,"state":null},{"hierarchyId":128,"name":"FEFE1","tagId":0,"tagName":"","parentId":95,"createdBy":10,"updatedBy":null,"builderTypeId":8,"builderTypeName":"Child","levelId":0,"state":null},{"hierarchyId":131,"name":"Permit-Airport","tagId":1,"tagName":"Checklist","parentId":0,"createdBy":10,"updatedBy":null,"builderTypeId":7,"builderTypeName":"Checklist","levelId":0,"state":null},{"hierarchyId":144,"name":"Mandil-6","tagId":0,"tagName":"","parentId":92,"createdBy":10,"updatedBy":null,"builderTypeId":8,"builderTypeName":"Child","levelId":0,"state":null},{"hierarchyId":150,"name":"Test5","tagId":76,"tagName":"Checklist","parentId":null,"createdBy":10,"updatedBy":null,"builderTypeId":7,"builderTypeName":"Checklist","levelId":0,"state":null},{"hierarchyId":151,"name":"TEst","tagId":76,"tagName":"Checklist","parentId":null,"createdBy":10,"updatedBy":null,"builderTypeId":7,"builderTypeName":"Checklist","levelId":0,"state":null},{"hierarchyId":160,"name":"Excavation-General","tagId":82,"tagName":"Excavation","parentId":158,"createdBy":0,"updatedBy":null,"builderTypeId":8,"builderTypeName":"Child","levelId":0,"state":null},{"hierarchyId":165,"name":"Test91","tagId":85,"tagName":"Checklist","parentId":164,"createdBy":0,"updatedBy":null,"builderTypeId":8,"builderTypeName":"Child","levelId":0,"state":null},{"hierarchyId":167,"name":"Child -1","tagId":86,"tagName":"Test","parentId":166,"createdBy":0,"updatedBy":null,"builderTypeId":8,"builderTypeName":"Child","levelId":0,"state":null},{"hierarchyId":168,"name":"Child -2","tagId":87,"tagName":"Test","parentId":166,"createdBy":0,"updatedBy":null,"builderTypeId":8,"builderTypeName":"Child","levelId":0,"state":null},{"hierarchyId":175,"name":"Parent-1","tagId":90,"tagName":"                           Testing","parentId":null,"createdBy":0,"updatedBy":null,"builderTypeId":5,"builderTypeName":"Others","levelId":0,"state":null},{"hierarchyId":177,"name":"Child -1","tagId":91,"tagName":"                           Testing","parentId":176,"createdBy":0,"updatedBy":null,"builderTypeId":8,"builderTypeName":"Child","levelId":0,"state":null},{"hierarchyId":178,"name":"                                                  ","tagId":1,"tagName":"Checklist","parentId":175,"createdBy":10,"updatedBy":null,"builderTypeId":7,"builderTypeName":"Checklist","levelId":0,"state":null},{"hierarchyId":184,"name":"PArentKAyal","tagId":93,"tagName":"kayaltest","parentId":183,"createdBy":0,"updatedBy":null,"builderTypeId":5,"builderTypeName":"Others","levelId":0,"state":null},{"hierarchyId":186,"name":"Child -2","tagId":94,"tagName":"kayaltest","parentId":185,"createdBy":0,"updatedBy":null,"builderTypeId":8,"builderTypeName":"Child","levelId":0,"state":null},{"hierarchyId":187,"name":"Child -1","tagId":95,"tagName":"kayaltest","parentId":185,"createdBy":0,"updatedBy":null,"builderTypeId":8,"builderTypeName":"Child","levelId":0,"state":null},{"hierarchyId":188,"name":"Child -3","tagId":96,"tagName":"kayaltest","parentId":185,"createdBy":0,"updatedBy":null,"builderTypeId":8,"builderTypeName":"Child","levelId":0,"state":null},{"hierarchyId":190,"name":"testk","tagId":88,"tagName":"Checklist","parentId":189,"createdBy":0,"updatedBy":null,"builderTypeId":7,"builderTypeName":"Checklist","levelId":0,"state":null},{"hierarchyId":192,"name":"kayaltestemplate","tagId":88,"tagName":"Checklist","parentId":191,"createdBy":0,"updatedBy":null,"builderTypeId":7,"builderTypeName":"Checklist","levelId":0,"state":null},{"hierarchyId":193,"name":"Child -1","tagId":103,"tagName":"kayal1","parentId":192,"createdBy":0,"updatedBy":null,"builderTypeId":8,"builderTypeName":"Child","levelId":0,"state":null},{"hierarchyId":161,"name":"Test80","tagId":83,"tagName":"Checklist","parentId":null,"createdBy":0,"updatedBy":10,"builderTypeId":5,"builderTypeName":"Others","levelId":0,"state":null},{"hierarchyId":112,"name":"Test3","tagId":1,"tagName":"Checklist","parentId":null,"createdBy":10,"updatedBy":10,"builderTypeId":7,"builderTypeName":"Checklist","levelId":0,"state":null},{"hierarchyId":34,"name":"TestChecklist10-Child1","tagId":0,"tagName":"","parentId":33,"createdBy":10,"updatedBy":10,"builderTypeId":8,"builderTypeName":"Child","levelId":0,"state":null},{"hierarchyId":206,"name":"Parent-1","tagId":121,"tagName":"Test","parentId":null,"createdBy":0,"updatedBy":10,"builderTypeId":5,"builderTypeName":"Others","levelId":0,"state":null},{"hierarchyId":172,"name":"TestArun","tagId":1,"tagName":"Checklist","parentId":null,"createdBy":0,"updatedBy":10,"builderTypeId":7,"builderTypeName":"Checklist","levelId":0,"state":null},{"hierarchyId":173,"name":"GeneralTest1","tagId":89,"tagName":"Test","parentId":172,"createdBy":0,"updatedBy":10,"builderTypeId":8,"builderTypeName":"Child","levelId":0,"state":null},{"hierarchyId":163,"name":"Test81","tagId":84,"tagName":"Checklist","parentId":162,"createdBy":0,"updatedBy":10,"builderTypeId":8,"builderTypeName":"Child","levelId":0,"state":null},{"hierarchyId":162,"name":"Test8","tagId":1,"tagName":"Checklist","parentId":161,"createdBy":0,"updatedBy":10,"builderTypeId":7,"builderTypeName":"Checklist","levelId":0,"state":null},{"hierarchyId":183,"name":"Parent-2","tagId":92,"tagName":"kayaltest","parentId":null,"createdBy":0,"updatedBy":10,"builderTypeId":5,"builderTypeName":"Others","levelId":0,"state":null},{"hierarchyId":189,"name":"Parent-1","tagId":97,"tagName":"kayaltest","parentId":null,"createdBy":0,"updatedBy":10,"builderTypeId":5,"builderTypeName":"Others","levelId":0,"state":null},{"hierarchyId":191,"name":"Parent-1","tagId":102,"tagName":"kayal1","parentId":null,"createdBy":0,"updatedBy":10,"builderTypeId":5,"builderTypeName":"Others","levelId":0,"state":null},{"hierarchyId":185,"name":"testkayal","tagId":1,"tagName":"Checklist","parentId":184,"createdBy":0,"updatedBy":10,"builderTypeId":7,"builderTypeName":"Checklist","levelId":0,"state":null},{"hierarchyId":199,"name":"Parent-4","tagId":111,"tagName":"kayaltest","parentId":null,"createdBy":0,"updatedBy":null,"builderTypeId":5,"builderTypeName":"Others","levelId":0,"state":null},{"hierarchyId":200,"name":"Parent-3","tagId":112,"tagName":"kayaltest","parentId":199,"createdBy":0,"updatedBy":null,"builderTypeId":5,"builderTypeName":"Others","levelId":0,"state":null},{"hierarchyId":202,"name":"Parent-1","tagId":118,"tagName":"SriTest12oct","parentId":201,"createdBy":0,"updatedBy":null,"builderTypeId":5,"builderTypeName":"Others","levelId":0,"state":null},{"hierarchyId":204,"name":"Child -2","tagId":119,"tagName":"SriTest12oct","parentId":203,"createdBy":0,"updatedBy":null,"builderTypeId":8,"builderTypeName":"Child","levelId":0,"state":null},{"hierarchyId":203,"name":"SriTest","tagId":1,"tagName":"Checklist","parentId":202,"createdBy":0,"updatedBy":10,"builderTypeId":7,"builderTypeName":"Checklist","levelId":0,"state":null},{"hierarchyId":201,"name":"Parent-2","tagId":117,"tagName":"SriTest12oct","parentId":null,"createdBy":0,"updatedBy":10,"builderTypeId":5,"builderTypeName":"Others","levelId":0,"state":null},{"hierarchyId":205,"name":"Child -1","tagId":120,"tagName":"SriTest12oct","parentId":203,"createdBy":0,"updatedBy":10,"builderTypeId":8,"builderTypeName":"Child","levelId":0,"state":null},{"hierarchyId":41,"name":"Earth Moving Equipment Checklist","tagId":0,"tagName":"","parentId":39,"createdBy":10,"updatedBy":10,"builderTypeId":8,"builderTypeName":"Child","levelId":0,"state":null},{"hierarchyId":42,"name":"Night Work Permit","tagId":0,"tagName":"","parentId":39,"createdBy":10,"updatedBy":10,"builderTypeId":8,"builderTypeName":"Child","levelId":0,"state":null},{"hierarchyId":209,"name":"Child -1","tagId":125,"tagName":"fgfgdfgdfgdfgdf","parentId":208,"createdBy":0,"updatedBy":null,"builderTypeId":8,"builderTypeName":"Child","levelId":0,"state":null},{"hierarchyId":210,"name":"Child -2","tagId":126,"tagName":"fgfgdfgdfgdfgdf","parentId":208,"createdBy":0,"updatedBy":null,"builderTypeId":8,"builderTypeName":"Child","levelId":0,"state":null},{"hierarchyId":105,"name":"TestChecklist10-Child6","tagId":0,"tagName":"","parentId":33,"createdBy":10,"updatedBy":10,"builderTypeId":8,"builderTypeName":"Child","levelId":0,"state":null},{"hierarchyId":35,"name":"TestChecklist10-Child2","tagId":0,"tagName":"","parentId":33,"createdBy":10,"updatedBy":10,"builderTypeId":8,"builderTypeName":"Child","levelId":0,"state":null},{"hierarchyId":213,"name":"Parent-2","tagId":128,"tagName":"Testing Sri 12Oct","parentId":null,"createdBy":0,"updatedBy":null,"builderTypeId":5,"builderTypeName":"Others","levelId":0,"state":null},{"hierarchyId":207,"name":"ArunTest","tagId":1,"tagName":"Checklist","parentId":206,"createdBy":0,"updatedBy":10,"builderTypeId":7,"builderTypeName":"Checklist","levelId":0,"state":null},{"hierarchyId":212,"name":"ArunTest","tagId":1,"tagName":"Checklist","parentId":207,"createdBy":10,"updatedBy":null,"builderTypeId":7,"builderTypeName":"Checklist","levelId":0,"state":null},{"hierarchyId":214,"name":"Parent-1","tagId":129,"tagName":"Testing Sri 12Oct","parentId":213,"createdBy":0,"updatedBy":null,"builderTypeId":5,"builderTypeName":"Others","levelId":0,"state":null},{"hierarchyId":208,"name":"xvxcvcv","tagId":1,"tagName":"Checklist","parentId":null,"createdBy":0,"updatedBy":10,"builderTypeId":7,"builderTypeName":"Checklist","levelId":0,"state":null},{"hierarchyId":176,"name":"                                  Testing","tagId":1,"tagName":"Checklist","parentId":175,"createdBy":0,"updatedBy":10,"builderTypeId":7,"builderTypeName":"Checklist","levelId":0,"state":null},{"hierarchyId":33,"name":"TestChecklist10ch","tagId":1,"tagName":"Checklist","parentId":32,"createdBy":10,"updatedBy":10,"builderTypeId":7,"builderTypeName":"Checklist","levelId":0,"state":null},{"hierarchyId":97,"name":"Template-Test","tagId":1,"tagName":"Checklist","parentId":null,"createdBy":10,"updatedBy":10,"builderTypeId":7,"builderTypeName":"Checklist","levelId":0,"state":null},{"hierarchyId":157,"name":"Oil&amp;Gas","tagId":80,"tagName":"Excavation","parentId":null,"createdBy":0,"updatedBy":10,"builderTypeId":5,"builderTypeName":"Others","levelId":0,"state":null},{"hierarchyId":158,"name":"Excavation-Permit01","tagId":1,"tagName":"Checklist","parentId":157,"createdBy":0,"updatedBy":10,"builderTypeId":7,"builderTypeName":"Checklist","levelId":0,"state":null},{"hierarchyId":159,"name":"Excavation-Precautions","tagId":81,"tagName":"Excavation","parentId":158,"createdBy":0,"updatedBy":10,"builderTypeId":8,"builderTypeName":"Child","levelId":0,"state":null},{"hierarchyId":171,"name":"Test101","tagId":88,"tagName":"Checklist","parentId":170,"createdBy":0,"updatedBy":10,"builderTypeId":8,"builderTypeName":"Child","levelId":0,"state":null},{"hierarchyId":170,"name":"Test10","tagId":1,"tagName":"Checklist","parentId":null,"createdBy":0,"updatedBy":10,"builderTypeId":7,"builderTypeName":"Checklist","levelId":0,"state":null},{"hierarchyId":133,"name":"Permit-Airport1","tagId":0,"tagName":"","parentId":83,"createdBy":10,"updatedBy":10,"builderTypeId":8,"builderTypeName":"Child","levelId":0,"state":null},{"hierarchyId":153,"name":"Test61","tagId":78,"tagName":"Checklist","parentId":152,"createdBy":0,"updatedBy":10,"builderTypeId":8,"builderTypeName":"Child","levelId":0,"state":null},{"hierarchyId":164,"name":"Test9","tagId":1,"tagName":"Checklist","parentId":null,"createdBy":0,"updatedBy":10,"builderTypeId":7,"builderTypeName":"Checklist","levelId":0,"state":null},{"hierarchyId":211,"name":"Child -3","tagId":127,"tagName":"fgfgdfgdfgdfgdf","parentId":208,"createdBy":0,"updatedBy":10,"builderTypeId":8,"builderTypeName":"Child","levelId":0,"state":null},{"hierarchyId":218,"name":"kayaltestabc","tagId":1,"tagName":"Checklist","parentId":5556,"createdBy":10,"updatedBy":null,"builderTypeId":7,"builderTypeName":"Checklist","levelId":0,"state":null},{"hierarchyId":67,"name":"Hazards","tagId":0,"tagName":"","parentId":65,"createdBy":10,"updatedBy":10,"builderTypeId":8,"builderTypeName":"Child","levelId":0,"state":null},{"hierarchyId":88,"name":"TESTTEAM2","tagId":1,"tagName":"Checklist","parentId":null,"createdBy":10,"updatedBy":10,"builderTypeId":7,"builderTypeName":"Checklist","levelId":0,"state":null},{"hierarchyId":166,"name":"NewTemplate1","tagId":1,"tagName":"Checklist","parentId":null,"createdBy":0,"updatedBy":10,"builderTypeId":7,"builderTypeName":"Checklist","levelId":0,"state":null},{"hierarchyId":219,"name":"fefefefef","tagId":1,"tagName":"Checklist","parentId":72,"createdBy":10,"updatedBy":null,"builderTypeId":7,"builderTypeName":"Checklist","levelId":0,"state":null},{"hierarchyId":155,"name":"BsChecklistParent","tagId":1,"tagName":"Checklist","parentId":null,"createdBy":0,"updatedBy":10,"builderTypeId":7,"builderTypeName":"Checklist","levelId":0,"state":null}]}